{
	"mAP": 0.0888726,
	"precision": 0.7620008,
	"recall": 0.5228600
}